,0
0,DB00006
1,DB00007
2,DB00014
3,DB00035
4,DB00050
5,DB00091
6,DB00093
7,DB00104
8,DB00106
9,DB00114
10,DB00115
11,DB00116
12,DB00117
13,DB00118
14,DB00119
15,DB00120
16,DB00121
17,DB00122
18,DB00123
19,DB00125
20,DB00126
21,DB00127
22,DB00128
23,DB00129
24,DB00130
25,DB00131
26,DB00132
27,DB00133
28,DB00134
29,DB00135
30,DB00136
31,DB00138
32,DB00139
33,DB00140
34,DB00141
35,DB00142
36,DB00143
37,DB00144
38,DB00145
39,DB00146
40,DB00147
41,DB00148
42,DB00149
43,DB00150
44,DB00151
45,DB00152
46,DB00153
47,DB00154
48,DB00155
49,DB00156
50,DB00157
51,DB00158
52,DB00159
53,DB00160
54,DB00161
55,DB00162
56,DB00163
57,DB00165
58,DB00166
59,DB00167
60,DB00168
61,DB00169
62,DB00170
63,DB00171
64,DB00172
65,DB00173
66,DB00174
67,DB00175
68,DB00176
69,DB00177
70,DB00178
71,DB00179
72,DB00180
73,DB00181
74,DB00182
75,DB00183
76,DB00184
77,DB00185
78,DB00186
79,DB00187
80,DB00188
81,DB00189
82,DB00190
83,DB00191
84,DB00192
85,DB00193
86,DB00195
87,DB00197
88,DB00198
89,DB00199
90,DB00200
91,DB00201
92,DB00202
93,DB00203
94,DB00204
95,DB00205
96,DB00206
97,DB00207
98,DB00208
99,DB00209
100,DB00210
101,DB00211
102,DB00212
103,DB00213
104,DB00214
105,DB00215
106,DB00216
107,DB00217
108,DB00218
109,DB00219
110,DB00221
111,DB00222
112,DB00223
113,DB00226
114,DB00227
115,DB00228
116,DB00230
117,DB00231
118,DB00232
119,DB00233
120,DB00234
121,DB00235
122,DB00237
123,DB00239
124,DB00240
125,DB00241
126,DB00242
127,DB00243
128,DB00244
129,DB00245
130,DB00246
131,DB00247
132,DB00248
133,DB00252
134,DB00253
135,DB00255
136,DB00257
137,DB00261
138,DB00262
139,DB00264
140,DB00266
141,DB00268
142,DB00269
143,DB00270
144,DB00272
145,DB00273
146,DB00275
147,DB00276
148,DB00277
149,DB00278
150,DB00279
151,DB00280
152,DB00281
153,DB00282
154,DB00283
155,DB00284
156,DB00285
157,DB00287
158,DB00288
159,DB00289
160,DB00290
161,DB00292
162,DB00293
163,DB00294
164,DB00295
165,DB00296
166,DB00297
167,DB00298
168,DB00302
169,DB00304
170,DB00306
171,DB00307
172,DB00308
173,DB00309
174,DB00310
175,DB00311
176,DB00312
177,DB00313
178,DB00315
179,DB00316
180,DB00317
181,DB00318
182,DB00320
183,DB00321
184,DB00322
185,DB00323
186,DB00324
187,DB00325
188,DB00327
189,DB00328
190,DB00331
191,DB00332
192,DB00333
193,DB00334
194,DB00335
195,DB00337
196,DB00338
197,DB00340
198,DB00341
199,DB00342
200,DB00343
201,DB00344
202,DB00346
203,DB00347
204,DB00348
205,DB00349
206,DB00350
207,DB00351
208,DB00353
209,DB00354
210,DB00356
211,DB00357
212,DB00358
213,DB00360
214,DB00361
215,DB00363
216,DB00364
217,DB00366
218,DB00367
219,DB00368
220,DB00370
221,DB00371
222,DB00372
223,DB00373
224,DB00374
225,DB00376
226,DB00377
227,DB00378
228,DB00379
229,DB00380
230,DB00381
231,DB00382
232,DB00383
233,DB00384
234,DB00385
235,DB00387
236,DB00388
237,DB00389
238,DB00390
239,DB00391
240,DB00392
241,DB00393
242,DB00394
243,DB00395
244,DB00396
245,DB00397
246,DB00398
247,DB00399
248,DB00400
249,DB00401
250,DB00402
251,DB00403
252,DB00404
253,DB00405
254,DB00408
255,DB00409
256,DB00411
257,DB00412
258,DB00413
259,DB00414
260,DB00415
261,DB00416
262,DB00417
263,DB00418
264,DB00419
265,DB00420
266,DB00421
267,DB00422
268,DB00423
269,DB00424
270,DB00425
271,DB00427
272,DB00428
273,DB00429
274,DB00431
275,DB00432
276,DB00433
277,DB00434
278,DB00435
279,DB00436
280,DB00437
281,DB00439
282,DB00440
283,DB00441
284,DB00443
285,DB00444
286,DB00445
287,DB00446
288,DB00448
289,DB00449
290,DB00450
291,DB00451
292,DB00452
293,DB00454
294,DB00455
295,DB00457
296,DB00458
297,DB00459
298,DB00461
299,DB00462
300,DB00463
301,DB00464
302,DB00465
303,DB00466
304,DB00467
305,DB00468
306,DB00469
307,DB00470
308,DB00471
309,DB00472
310,DB00473
311,DB00474
312,DB00475
313,DB00476
314,DB00477
315,DB00480
316,DB00481
317,DB00482
318,DB00483
319,DB00484
320,DB00486
321,DB00487
322,DB00489
323,DB00490
324,DB00491
325,DB00492
326,DB00493
327,DB00494
328,DB00495
329,DB00496
330,DB00497
331,DB00498
332,DB00499
333,DB00500
334,DB00501
335,DB00502
336,DB00503
337,DB00504
338,DB00505
339,DB00508
340,DB00509
341,DB00511
342,DB00513
343,DB00514
344,DB00517
345,DB00518
346,DB00519
347,DB00521
348,DB00522
349,DB00523
350,DB00524
351,DB00527
352,DB00528
353,DB00530
354,DB00531
355,DB00532
356,DB00533
357,DB00534
358,DB00535
359,DB00536
360,DB00537
361,DB00539
362,DB00540
363,DB00541
364,DB00542
365,DB00543
366,DB00544
367,DB00545
368,DB00546
369,DB00547
370,DB00548
371,DB00549
372,DB00550
373,DB00551
374,DB00552
375,DB00554
376,DB00555
377,DB00557
378,DB00558
379,DB00559
380,DB00561
381,DB00562
382,DB00563
383,DB00564
384,DB00565
385,DB00568
386,DB00569
387,DB00570
388,DB00571
389,DB00572
390,DB00573
391,DB00574
392,DB00575
393,DB00579
394,DB00580
395,DB00583
396,DB00584
397,DB00585
398,DB00586
399,DB00587
400,DB00588
401,DB00589
402,DB00590
403,DB00591
404,DB00592
405,DB00593
406,DB00594
407,DB00596
408,DB00598
409,DB00599
410,DB00600
411,DB00602
412,DB00603
413,DB00604
414,DB00605
415,DB00606
416,DB00608
417,DB00610
418,DB00611
419,DB00612
420,DB00613
421,DB00615
422,DB00616
423,DB00617
424,DB00619
425,DB00620
426,DB00621
427,DB00622
428,DB00623
429,DB00624
430,DB00626
431,DB00627
432,DB00628
433,DB00629
434,DB00630
435,DB00631
436,DB00633
437,DB00635
438,DB00636
439,DB00637
440,DB00640
441,DB00641
442,DB00642
443,DB00643
444,DB00644
445,DB00645
446,DB00647
447,DB00648
448,DB00651
449,DB00652
450,DB00653
451,DB00654
452,DB00655
453,DB00656
454,DB00657
455,DB00659
456,DB00661
457,DB00663
458,DB00665
459,DB00666
460,DB00668
461,DB00669
462,DB00670
463,DB00672
464,DB00673
465,DB00674
466,DB00675
467,DB00677
468,DB00678
469,DB00679
470,DB00680
471,DB00682
472,DB00683
473,DB00685
474,DB00686
475,DB00687
476,DB00688
477,DB00690
478,DB00691
479,DB00692
480,DB00693
481,DB00694
482,DB00695
483,DB00696
484,DB00697
485,DB00699
486,DB00700
487,DB00703
488,DB00704
489,DB00706
490,DB00708
491,DB00710
492,DB00711
493,DB00712
494,DB00713
495,DB00714
496,DB00715
497,DB00716
498,DB00717
499,DB00719
500,DB00720
501,DB00721
502,DB00722
503,DB00723
504,DB00724
505,DB00725
506,DB00726
507,DB00727
508,DB00728
509,DB00731
510,DB00732
511,DB00733
512,DB00734
513,DB00735
514,DB00736
515,DB00737
516,DB00738
517,DB00740
518,DB00741
519,DB00744
520,DB00745
521,DB00746
522,DB00747
523,DB00748
524,DB00749
525,DB00750
526,DB00751
527,DB00752
528,DB00753
529,DB00754
530,DB00755
531,DB00756
532,DB00757
533,DB00758
534,DB00759
535,DB00761
536,DB00762
537,DB00763
538,DB00764
539,DB00765
540,DB00767
541,DB00768
542,DB00769
543,DB00770
544,DB00771
545,DB00772
546,DB00773
547,DB00774
548,DB00775
549,DB00776
550,DB00777
551,DB00778
552,DB00780
553,DB00782
554,DB00783
555,DB00784
556,DB00786
557,DB00788
558,DB00789
559,DB00790
560,DB00792
561,DB00794
562,DB00795
563,DB00796
564,DB00797
565,DB00798
566,DB00799
567,DB00800
568,DB00801
569,DB00802
570,DB00804
571,DB00805
572,DB00806
573,DB00807
574,DB00808
575,DB00809
576,DB00810
577,DB00811
578,DB00812
579,DB00813
580,DB00814
581,DB00816
582,DB00818
583,DB00819
584,DB00820
585,DB00821
586,DB00822
587,DB00823
588,DB00824
589,DB00825
590,DB00829
591,DB00830
592,DB00831
593,DB00834
594,DB00835
595,DB00836
596,DB00837
597,DB00838
598,DB00839
599,DB00841
600,DB00842
601,DB00843
602,DB00844
603,DB00845
604,DB00846
605,DB00847
606,DB00848
607,DB00849
608,DB00850
609,DB00851
610,DB00852
611,DB00854
612,DB00855
613,DB00857
614,DB00858
615,DB00860
616,DB00861
617,DB00862
618,DB00863
619,DB00864
620,DB00865
621,DB00866
622,DB00867
623,DB00868
624,DB00869
625,DB00870
626,DB00871
627,DB00872
628,DB00874
629,DB00875
630,DB00876
631,DB00877
632,DB00878
633,DB00880
634,DB00881
635,DB00882
636,DB00883
637,DB00884
638,DB00886
639,DB00887
640,DB00889
641,DB00890
642,DB00892
643,DB00894
644,DB00895
645,DB00896
646,DB00897
647,DB00898
648,DB00899
649,DB00900
650,DB00901
651,DB00902
652,DB00903
653,DB00904
654,DB00905
655,DB00906
656,DB00907
657,DB00908
658,DB00909
659,DB00910
660,DB00912
661,DB00913
662,DB00914
663,DB00915
664,DB00917
665,DB00918
666,DB00920
667,DB00921
668,DB00922
669,DB00924
670,DB00925
671,DB00926
672,DB00927
673,DB00928
674,DB00929
675,DB00933
676,DB00934
677,DB00935
678,DB00936
679,DB00937
680,DB00938
681,DB00939
682,DB00940
683,DB00941
684,DB00942
685,DB00944
686,DB00945
687,DB00946
688,DB00947
689,DB00949
690,DB00950
691,DB00951
692,DB00952
693,DB00953
694,DB00956
695,DB00957
696,DB00959
697,DB00960
698,DB00961
699,DB00962
700,DB00963
701,DB00964
702,DB00966
703,DB00967
704,DB00968
705,DB00969
706,DB00970
707,DB00972
708,DB00973
709,DB00975
710,DB00977
711,DB00978
712,DB00979
713,DB00980
714,DB00981
715,DB00982
716,DB00983
717,DB00984
718,DB00985
719,DB00986
720,DB00987
721,DB00988
722,DB00989
723,DB00990
724,DB00991
725,DB00992
726,DB00993
727,DB00995
728,DB00996
729,DB00997
730,DB00998
731,DB00999
732,DB01001
733,DB01002
734,DB01003
735,DB01005
736,DB01006
737,DB01007
738,DB01009
739,DB01010
740,DB01011
741,DB01012
742,DB01013
743,DB01014
744,DB01015
745,DB01016
746,DB01017
747,DB01018
748,DB01019
749,DB01020
750,DB01021
751,DB01022
752,DB01023
753,DB01024
754,DB01025
755,DB01026
756,DB01028
757,DB01029
758,DB01030
759,DB01031
760,DB01032
761,DB01033
762,DB01034
763,DB01035
764,DB01036
765,DB01037
766,DB01038
767,DB01039
768,DB01041
769,DB01043
770,DB01045
771,DB01046
772,DB01047
773,DB01048
774,DB01050
775,DB01053
776,DB01054
777,DB01055
778,DB01056
779,DB01057
780,DB01059
781,DB01062
782,DB01063
783,DB01064
784,DB01065
785,DB01067
786,DB01068
787,DB01069
788,DB01070
789,DB01071
790,DB01073
791,DB01074
792,DB01075
793,DB01076
794,DB01077
795,DB01078
796,DB01079
797,DB01080
798,DB01081
799,DB01082
800,DB01083
801,DB01084
802,DB01085
803,DB01086
804,DB01087
805,DB01088
806,DB01089
807,DB01090
808,DB01091
809,DB01092
810,DB01094
811,DB01095
812,DB01097
813,DB01098
814,DB01099
815,DB01100
816,DB01101
817,DB01102
818,DB01103
819,DB01104
820,DB01105
821,DB01106
822,DB01107
823,DB01108
824,DB01110
825,DB01113
826,DB01114
827,DB01115
828,DB01116
829,DB01117
830,DB01118
831,DB01119
832,DB01120
833,DB01121
834,DB01122
835,DB01123
836,DB01124
837,DB01125
838,DB01126
839,DB01127
840,DB01128
841,DB01129
842,DB01130
843,DB01131
844,DB01132
845,DB01133
846,DB01134
847,DB01135
848,DB01136
849,DB01137
850,DB01138
851,DB01142
852,DB01143
853,DB01144
854,DB01146
855,DB01148
856,DB01149
857,DB01151
858,DB01154
859,DB01156
860,DB01157
861,DB01158
862,DB01159
863,DB01160
864,DB01161
865,DB01162
866,DB01164
867,DB01165
868,DB01166
869,DB01167
870,DB01168
871,DB01169
872,DB01170
873,DB01171
874,DB01173
875,DB01174
876,DB01175
877,DB01176
878,DB01177
879,DB01178
880,DB01179
881,DB01180
882,DB01181
883,DB01182
884,DB01183
885,DB01184
886,DB01185
887,DB01186
888,DB01188
889,DB01189
890,DB01191
891,DB01192
892,DB01193
893,DB01194
894,DB01195
895,DB01196
896,DB01197
897,DB01198
898,DB01199
899,DB01200
900,DB01202
901,DB01203
902,DB01204
903,DB01205
904,DB01206
905,DB01207
906,DB01208
907,DB01209
908,DB01210
909,DB01211
910,DB01212
911,DB01213
912,DB01214
913,DB01215
914,DB01216
915,DB01217
916,DB01218
917,DB01219
918,DB01220
919,DB01221
920,DB01222
921,DB01223
922,DB01224
923,DB01226
924,DB01227
925,DB01228
926,DB01229
927,DB01231
928,DB01233
929,DB01234
930,DB01235
931,DB01236
932,DB01237
933,DB01238
934,DB01239
935,DB01240
936,DB01241
937,DB01242
938,DB01244
939,DB01245
940,DB01246
941,DB01247
942,DB01248
943,DB01250
944,DB01251
945,DB01252
946,DB01253
947,DB01254
948,DB01255
949,DB01259
950,DB01260
951,DB01261
952,DB01262
953,DB01267
954,DB01268
955,DB01273
956,DB01274
957,DB01275
958,DB01278
959,DB01280
960,DB01282
961,DB01283
962,DB01284
963,DB01288
964,DB01289
965,DB01291
966,DB01295
967,DB01296
968,DB01297
969,DB01303
970,DB01320
971,DB01324
972,DB01325
973,DB01327
974,DB01336
975,DB01337
976,DB01338
977,DB01339
978,DB01340
979,DB01342
980,DB01345
981,DB01346
982,DB01347
983,DB01348
984,DB01349
985,DB01351
986,DB01352
987,DB01353
988,DB01354
989,DB01355
990,DB01356
991,DB01357
992,DB01359
993,DB01364
994,DB01365
995,DB01366
996,DB01367
997,DB01370
998,DB01373
999,DB01375
1000,DB01378
1001,DB01380
1002,DB01382
1003,DB01384
1004,DB01388
1005,DB01392
1006,DB01393
1007,DB01394
1008,DB01395
1009,DB01396
1010,DB01397
1011,DB01399
1012,DB01400
1013,DB01401
1014,DB01403
1015,DB01406
1016,DB01407
1017,DB01408
1018,DB01409
1019,DB01410
1020,DB01411
1021,DB01412
1022,DB01418
1023,DB01419
1024,DB01420
1025,DB01422
1026,DB01425
1027,DB01426
1028,DB01427
1029,DB01428
1030,DB01429
1031,DB01430
1032,DB01431
1033,DB01433
1034,DB01435
1035,DB01436
1036,DB01437
1037,DB01438
1038,DB01439
1039,DB01440
1040,DB01442
1041,DB01444
1042,DB01452
1043,DB01454
1044,DB01463
1045,DB01466
1046,DB01472
1047,DB01481
1048,DB01483
1049,DB01488
1050,DB01496
1051,DB01497
1052,DB01520
1053,DB01535
1054,DB01536
1055,DB01537
1056,DB01541
1057,DB01544
1058,DB01548
1059,DB01549
1060,DB01558
1061,DB01559
1062,DB01561
1063,DB01564
1064,DB01565
1065,DB01567
1066,DB01569
1067,DB01571
1068,DB01576
1069,DB01577
1070,DB01579
1071,DB01580
1072,DB01583
1073,DB01586
1074,DB01587
1075,DB01588
1076,DB01589
1077,DB01590
1078,DB01591
1079,DB01592
1080,DB01593
1081,DB01594
1082,DB01595
1083,DB01597
1084,DB01599
1085,DB01600
1086,DB01608
1087,DB01611
1088,DB01612
1089,DB01613
1090,DB01614
1091,DB01615
1092,DB01616
1093,DB01618
1094,DB01619
1095,DB01620
1096,DB01621
1097,DB01622
1098,DB01623
1099,DB01624
1100,DB01625
1101,DB01626
1102,DB01628
1103,DB01629
1104,DB01630
1105,DB01631
1106,DB01632
1107,DB01640
1108,DB01643
1109,DB01644
1110,DB01645
1111,DB01646
1112,DB01647
1113,DB01649
1114,DB01651
1115,DB01656
1116,DB01662
1117,DB01664
1118,DB01665
1119,DB01666
1120,DB01667
1121,DB01671
1122,DB01672
1123,DB01675
1124,DB01677
1125,DB01678
1126,DB01681
1127,DB01684
1128,DB01685
1129,DB01686
1130,DB01689
1131,DB01692
1132,DB01694
1133,DB01695
1134,DB01698
1135,DB01699
1136,DB01700
1137,DB01704
1138,DB01705
1139,DB01708
1140,DB01709
1141,DB01710
1142,DB01711
1143,DB01712
1144,DB01717
1145,DB01723
1146,DB01725
1147,DB01727
1148,DB01728
1149,DB01731
1150,DB01733
1151,DB01734
1152,DB01736
1153,DB01737
1154,DB01738
1155,DB01741
1156,DB01742
1157,DB01744
1158,DB01745
1159,DB01748
1160,DB01750
1161,DB01752
1162,DB01754
1163,DB01756
1164,DB01760
1165,DB01761
1166,DB01762
1167,DB01763
1168,DB01765
1169,DB01766
1170,DB01767
1171,DB01771
1172,DB01772
1173,DB01776
1174,DB01777
1175,DB01780
1176,DB01782
1177,DB01784
1178,DB01785
1179,DB01790
1180,DB01791
1181,DB01793
1182,DB01800
1183,DB01805
1184,DB01807
1185,DB01809
1186,DB01810
1187,DB01811
1188,DB01812
1189,DB01818
1190,DB01819
1191,DB01820
1192,DB01821
1193,DB01823
1194,DB01826
1195,DB01827
1196,DB01830
1197,DB01831
1198,DB01832
1199,DB01833
1200,DB01834
1201,DB01835
1202,DB01836
1203,DB01837
1204,DB01839
1205,DB01840
1206,DB01842
1207,DB01843
1208,DB01844
1209,DB01851
1210,DB01852
1211,DB01854
1212,DB01858
1213,DB01860
1214,DB01861
1215,DB01863
1216,DB01864
1217,DB01866
1218,DB01870
1219,DB01871
1220,DB01873
1221,DB01876
1222,DB01877
1223,DB01878
1224,DB01880
1225,DB01884
1226,DB01888
1227,DB01889
1228,DB01890
1229,DB01892
1230,DB01893
1231,DB01897
1232,DB01901
1233,DB01902
1234,DB01905
1235,DB01908
1236,DB01915
1237,DB01917
1238,DB01919
1239,DB01922
1240,DB01926
1241,DB01927
1242,DB01931
1243,DB01933
1244,DB01939
1245,DB01940
1246,DB01941
1247,DB01942
1248,DB01944
1249,DB01946
1250,DB01947
1251,DB01948
1252,DB01949
1253,DB01950
1254,DB01951
1255,DB01953
1256,DB01954
1257,DB01955
1258,DB01956
1259,DB01958
1260,DB01959
1261,DB01960
1262,DB01961
1263,DB01962
1264,DB01963
1265,DB01964
1266,DB01966
1267,DB01969
1268,DB01970
1269,DB01972
1270,DB01973
1271,DB01977
1272,DB01979
1273,DB01983
1274,DB01988
1275,DB01989
1276,DB01990
1277,DB01992
1278,DB01996
1279,DB01997
1280,DB01998
1281,DB02001
1282,DB02004
1283,DB02007
1284,DB02008
1285,DB02010
1286,DB02011
1287,DB02014
1288,DB02016
1289,DB02018
1290,DB02020
1291,DB02021
1292,DB02027
1293,DB02028
1294,DB02029
1295,DB02032
1296,DB02034
1297,DB02035
1298,DB02039
1299,DB02044
1300,DB02045
1301,DB02046
1302,DB02047
1303,DB02048
1304,DB02049
1305,DB02052
1306,DB02054
1307,DB02056
1308,DB02057
1309,DB02058
1310,DB02059
1311,DB02062
1312,DB02063
1313,DB02067
1314,DB02068
1315,DB02069
1316,DB02071
1317,DB02072
1318,DB02073
1319,DB02076
1320,DB02077
1321,DB02078
1322,DB02079
1323,DB02080
1324,DB02081
1325,DB02082
1326,DB02084
1327,DB02087
1328,DB02089
1329,DB02090
1330,DB02091
1331,DB02093
1332,DB02095
1333,DB02096
1334,DB02097
1335,DB02098
1336,DB02101
1337,DB02103
1338,DB02104
1339,DB02105
1340,DB02106
1341,DB02107
1342,DB02108
1343,DB02109
1344,DB02110
1345,DB02112
1346,DB02114
1347,DB02115
1348,DB02116
1349,DB02118
1350,DB02126
1351,DB02131
1352,DB02132
1353,DB02140
1354,DB02141
1355,DB02142
1356,DB02143
1357,DB02144
1358,DB02148
1359,DB02152
1360,DB02153
1361,DB02155
1362,DB02158
1363,DB02159
1364,DB02161
1365,DB02162
1366,DB02164
1367,DB02165
1368,DB02166
1369,DB02169
1370,DB02170
1371,DB02175
1372,DB02177
1373,DB02180
1374,DB02181
1375,DB02183
1376,DB02185
1377,DB02187
1378,DB02189
1379,DB02195
1380,DB02196
1381,DB02197
1382,DB02198
1383,DB02201
1384,DB02205
1385,DB02207
1386,DB02209
1387,DB02210
1388,DB02211
1389,DB02215
1390,DB02216
1391,DB02217
1392,DB02218
1393,DB02220
1394,DB02221
1395,DB02222
1396,DB02226
1397,DB02230
1398,DB02234
1399,DB02235
1400,DB02236
1401,DB02239
1402,DB02243
1403,DB02249
1404,DB02255
1405,DB02258
1406,DB02259
1407,DB02260
1408,DB02261
1409,DB02262
1410,DB02264
1411,DB02266
1412,DB02267
1413,DB02269
1414,DB02271
1415,DB02272
1416,DB02277
1417,DB02279
1418,DB02281
1419,DB02282
1420,DB02285
1421,DB02287
1422,DB02288
1423,DB02292
1424,DB02296
1425,DB02297
1426,DB02299
1427,DB02300
1428,DB02303
1429,DB02306
1430,DB02308
1431,DB02309
1432,DB02310
1433,DB02311
1434,DB02315
1435,DB02318
1436,DB02320
1437,DB02322
1438,DB02323
1439,DB02325
1440,DB02326
1441,DB02328
1442,DB02329
1443,DB02335
1444,DB02336
1445,DB02337
1446,DB02338
1447,DB02340
1448,DB02341
1449,DB02342
1450,DB02343
1451,DB02345
1452,DB02347
1453,DB02348
1454,DB02350
1455,DB02352
1456,DB02353
1457,DB02354
1458,DB02358
1459,DB02359
1460,DB02360
1461,DB02363
1462,DB02366
1463,DB02367
1464,DB02371
1465,DB02373
1466,DB02375
1467,DB02376
1468,DB02377
1469,DB02378
1470,DB02379
1471,DB02381
1472,DB02383
1473,DB02386
1474,DB02388
1475,DB02391
1476,DB02393
1477,DB02395
1478,DB02396
1479,DB02398
1480,DB02400
1481,DB02401
1482,DB02402
1483,DB02404
1484,DB02405
1485,DB02407
1486,DB02418
1487,DB02419
1488,DB02420
1489,DB02422
1490,DB02424
1491,DB02426
1492,DB02427
1493,DB02429
1494,DB02431
1495,DB02432
1496,DB02435
1497,DB02436
1498,DB02445
1499,DB02447
1500,DB02448
1501,DB02449
1502,DB02451
1503,DB02452
1504,DB02457
1505,DB02458
1506,DB02459
1507,DB02462
1508,DB02463
1509,DB02464
1510,DB02465
1511,DB02466
1512,DB02467
1513,DB02468
1514,DB02471
1515,DB02472
1516,DB02473
1517,DB02479
1518,DB02481
1519,DB02482
1520,DB02483
1521,DB02485
1522,DB02486
1523,DB02490
1524,DB02491
1525,DB02492
1526,DB02494
1527,DB02497
1528,DB02498
1529,DB02499
1530,DB02504
1531,DB02506
1532,DB02507
1533,DB02508
1534,DB02509
1535,DB02510
1536,DB02512
1537,DB02515
1538,DB02518
1539,DB02519
1540,DB02526
1541,DB02527
1542,DB02528
1543,DB02530
1544,DB02532
1545,DB02535
1546,DB02538
1547,DB02541
1548,DB02542
1549,DB02545
1550,DB02546
1551,DB02547
1552,DB02548
1553,DB02550
1554,DB02551
1555,DB02552
1556,DB02553
1557,DB02555
1558,DB02556
1559,DB02557
1560,DB02558
1561,DB02559
1562,DB02562
1563,DB02563
1564,DB02565
1565,DB02568
1566,DB02569
1567,DB02570
1568,DB02573
1569,DB02580
1570,DB02581
1571,DB02583
1572,DB02585
1573,DB02587
1574,DB02589
1575,DB02594
1576,DB02596
1577,DB02597
1578,DB02598
1579,DB02602
1580,DB02603
1581,DB02604
1582,DB02607
1583,DB02610
1584,DB02611
1585,DB02613
1586,DB02615
1587,DB02616
1588,DB02620
1589,DB02621
1590,DB02622
1591,DB02623
1592,DB02624
1593,DB02628
1594,DB02633
1595,DB02635
1596,DB02636
1597,DB02637
1598,DB02638
1599,DB02640
1600,DB02643
1601,DB02644
1602,DB02646
1603,DB02647
1604,DB02648
1605,DB02651
1606,DB02652
1607,DB02656
1608,DB02659
1609,DB02660
1610,DB02661
1611,DB02662
1612,DB02665
1613,DB02670
1614,DB02671
1615,DB02673
1616,DB02676
1617,DB02678
1618,DB02679
1619,DB02681
1620,DB02684
1621,DB02685
1622,DB02689
1623,DB02690
1624,DB02691
1625,DB02696
1626,DB02697
1627,DB02701
1628,DB02705
1629,DB02709
1630,DB02710
1631,DB02712
1632,DB02714
1633,DB02715
1634,DB02716
1635,DB02719
1636,DB02720
1637,DB02721
1638,DB02723
1639,DB02726
1640,DB02727
1641,DB02728
1642,DB02730
1643,DB02731
1644,DB02733
1645,DB02735
1646,DB02740
1647,DB02741
1648,DB02742
1649,DB02744
1650,DB02745
1651,DB02746
1652,DB02750
1653,DB02751
1654,DB02754
1655,DB02755
1656,DB02757
1657,DB02758
1658,DB02759
1659,DB02761
1660,DB02762
1661,DB02763
1662,DB02767
1663,DB02772
1664,DB02773
1665,DB02774
1666,DB02778
1667,DB02779
1668,DB02783
1669,DB02784
1670,DB02789
1671,DB02795
1672,DB02796
1673,DB02800
1674,DB02803
1675,DB02805
1676,DB02811
1677,DB02812
1678,DB02813
1679,DB02818
1680,DB02820
1681,DB02821
1682,DB02822
1683,DB02824
1684,DB02825
1685,DB02827
1686,DB02830
1687,DB02831
1688,DB02833
1689,DB02834
1690,DB02835
1691,DB02837
1692,DB02838
1693,DB02840
1694,DB02843
1695,DB02845
1696,DB02846
1697,DB02848
1698,DB02850
1699,DB02852
1700,DB02854
1701,DB02855
1702,DB02857
1703,DB02859
1704,DB02860
1705,DB02861
1706,DB02866
1707,DB02868
1708,DB02869
1709,DB02871
1710,DB02872
1711,DB02873
1712,DB02875
1713,DB02877
1714,DB02878
1715,DB02884
1716,DB02887
1717,DB02888
1718,DB02889
1719,DB02890
1720,DB02893
1721,DB02894
1722,DB02895
1723,DB02898
1724,DB02900
1725,DB02901
1726,DB02902
1727,DB02908
1728,DB02910
1729,DB02911
1730,DB02915
1731,DB02917
1732,DB02918
1733,DB02919
1734,DB02924
1735,DB02925
1736,DB02929
1737,DB02930
1738,DB02931
1739,DB02932
1740,DB02933
1741,DB02935
1742,DB02936
1743,DB02938
1744,DB02942
1745,DB02943
1746,DB02950
1747,DB02952
1748,DB02953
1749,DB02955
1750,DB02963
1751,DB02964
1752,DB02966
1753,DB02967
1754,DB02973
1755,DB02974
1756,DB02977
1757,DB02979
1758,DB02983
1759,DB02984
1760,DB02986
1761,DB02987
1762,DB02988
1763,DB02989
1764,DB02991
1765,DB02994
1766,DB02996
1767,DB02998
1768,DB02999
1769,DB03003
1770,DB03005
1771,DB03006
1772,DB03008
1773,DB03010
1774,DB03012
1775,DB03013
1776,DB03015
1777,DB03016
1778,DB03017
1779,DB03019
1780,DB03020
1781,DB03021
1782,DB03023
1783,DB03024
1784,DB03026
1785,DB03028
1786,DB03032
1787,DB03033
1788,DB03035
1789,DB03039
1790,DB03040
1791,DB03041
1792,DB03042
1793,DB03044
1794,DB03046
1795,DB03048
1796,DB03052
1797,DB03056
1798,DB03058
1799,DB03059
1800,DB03060
1801,DB03061
1802,DB03062
1803,DB03064
1804,DB03065
1805,DB03067
1806,DB03070
1807,DB03072
1808,DB03073
1809,DB03078
1810,DB03081
1811,DB03082
1812,DB03083
1813,DB03084
1814,DB03085
1815,DB03086
1816,DB03087
1817,DB03088
1818,DB03092
1819,DB03093
1820,DB03095
1821,DB03096
1822,DB03100
1823,DB03101
1824,DB03102
1825,DB03103
1826,DB03104
1827,DB03106
1828,DB03109
1829,DB03110
1830,DB03114
1831,DB03115
1832,DB03120
1833,DB03121
1834,DB03124
1835,DB03125
1836,DB03126
1837,DB03127
1838,DB03128
1839,DB03129
1840,DB03130
1841,DB03132
1842,DB03133
1843,DB03135
1844,DB03136
1845,DB03137
1846,DB03144
1847,DB03147
1848,DB03150
1849,DB03152
1850,DB03153
1851,DB03154
1852,DB03155
1853,DB03158
1854,DB03159
1855,DB03169
1856,DB03173
1857,DB03175
1858,DB03176
1859,DB03179
1860,DB03181
1861,DB03182
1862,DB03183
1863,DB03185
1864,DB03186
1865,DB03187
1866,DB03189
1867,DB03191
1868,DB03192
1869,DB03193
1870,DB03194
1871,DB03195
1872,DB03201
1873,DB03202
1874,DB03203
1875,DB03206
1876,DB03207
1877,DB03213
1878,DB03214
1879,DB03216
1880,DB03217
1881,DB03218
1882,DB03220
1883,DB03221
1884,DB03222
1885,DB03223
1886,DB03225
1887,DB03226
1888,DB03227
1889,DB03233
1890,DB03240
1891,DB03243
1892,DB03245
1893,DB03247
1894,DB03250
1895,DB03251
1896,DB03253
1897,DB03255
1898,DB03256
1899,DB03262
1900,DB03267
1901,DB03268
1902,DB03270
1903,DB03273
1904,DB03276
1905,DB03277
1906,DB03279
1907,DB03280
1908,DB03283
1909,DB03286
1910,DB03288
1911,DB03292
1912,DB03294
1913,DB03297
1914,DB03298
1915,DB03305
1916,DB03306
1917,DB03307
1918,DB03309
1919,DB03310
1920,DB03311
1921,DB03314
1922,DB03316
1923,DB03317
1924,DB03319
1925,DB03323
1926,DB03326
1927,DB03328
1928,DB03329
1929,DB03330
1930,DB03331
1931,DB03332
1932,DB03333
1933,DB03336
1934,DB03337
1935,DB03338
1936,DB03341
1937,DB03344
1938,DB03345
1939,DB03346
1940,DB03347
1941,DB03348
1942,DB03349
1943,DB03351
1944,DB03354
1945,DB03359
1946,DB03365
1947,DB03366
1948,DB03367
1949,DB03368
1950,DB03370
1951,DB03372
1952,DB03373
1953,DB03374
1954,DB03376
1955,DB03379
1956,DB03380
1957,DB03381
1958,DB03382
1959,DB03383
1960,DB03384
1961,DB03385
1962,DB03389
1963,DB03390
1964,DB03392
1965,DB03393
1966,DB03394
1967,DB03395
1968,DB03396
1969,DB03397
1970,DB03399
1971,DB03401
1972,DB03403
1973,DB03405
1974,DB03408
1975,DB03413
1976,DB03414
1977,DB03415
1978,DB03417
1979,DB03419
1980,DB03424
1981,DB03425
1982,DB03428
1983,DB03429
1984,DB03430
1985,DB03434
1986,DB03435
1987,DB03439
1988,DB03441
1989,DB03442
1990,DB03443
1991,DB03444
1992,DB03447
1993,DB03448
1994,DB03449
1995,DB03451
1996,DB03453
1997,DB03455
1998,DB03456
1999,DB03459
2000,DB03461
2001,DB03466
2002,DB03467
2003,DB03468
2004,DB03471
2005,DB03476
2006,DB03477
2007,DB03478
2008,DB03479
2009,DB03480
2010,DB03483
2011,DB03484
2012,DB03485
2013,DB03486
2014,DB03487
2015,DB03490
2016,DB03491
2017,DB03495
2018,DB03496
2019,DB03499
2020,DB03501
2021,DB03504
2022,DB03506
2023,DB03507
2024,DB03509
2025,DB03510
2026,DB03512
2027,DB03516
2028,DB03523
2029,DB03525
2030,DB03526
2031,DB03531
2032,DB03535
2033,DB03536
2034,DB03539
2035,DB03541
2036,DB03542
2037,DB03546
2038,DB03551
2039,DB03552
2040,DB03554
2041,DB03555
2042,DB03556
2043,DB03557
2044,DB03559
2045,DB03565
2046,DB03566
2047,DB03568
2048,DB03572
2049,DB03573
2050,DB03575
2051,DB03577
2052,DB03581
2053,DB03583
2054,DB03585
2055,DB03587
2056,DB03588
2057,DB03589
2058,DB03591
2059,DB03593
2060,DB03594
2061,DB03595
2062,DB03596
2063,DB03597
2064,DB03598
2065,DB03600
2066,DB03602
2067,DB03604
2068,DB03606
2069,DB03608
2070,DB03609
2071,DB03611
2072,DB03612
2073,DB03615
2074,DB03616
2075,DB03619
2076,DB03621
2077,DB03622
2078,DB03623
2079,DB03626
2080,DB03628
2081,DB03632
2082,DB03633
2083,DB03635
2084,DB03636
2085,DB03637
2086,DB03639
2087,DB03642
2088,DB03643
2089,DB03645
2090,DB03650
2091,DB03657
2092,DB03660
2093,DB03661
2094,DB03663
2095,DB03664
2096,DB03666
2097,DB03667
2098,DB03670
2099,DB03672
2100,DB03673
2101,DB03677
2102,DB03680
2103,DB03683
2104,DB03685
2105,DB03686
2106,DB03690
2107,DB03691
2108,DB03693
2109,DB03695
2110,DB03696
2111,DB03697
2112,DB03701
2113,DB03702
2114,DB03703
2115,DB03704
2116,DB03706
2117,DB03707
2118,DB03708
2119,DB03709
2120,DB03710
2121,DB03711
2122,DB03712
2123,DB03714
2124,DB03719
2125,DB03721
2126,DB03722
2127,DB03725
2128,DB03726
2129,DB03727
2130,DB03729
2131,DB03731
2132,DB03732
2133,DB03736
2134,DB03737
2135,DB03738
2136,DB03740
2137,DB03742
2138,DB03744
2139,DB03747
2140,DB03749
2141,DB03752
2142,DB03753
2143,DB03754
2144,DB03756
2145,DB03757
2146,DB03758
2147,DB03759
2148,DB03760
2149,DB03765
2150,DB03766
2151,DB03767
2152,DB03769
2153,DB03772
2154,DB03773
2155,DB03777
2156,DB03781
2157,DB03782
2158,DB03783
2159,DB03784
2160,DB03788
2161,DB03791
2162,DB03792
2163,DB03793
2164,DB03796
2165,DB03800
2166,DB03801
2167,DB03802
2168,DB03807
2169,DB03809
2170,DB03814
2171,DB03821
2172,DB03822
2173,DB03824
2174,DB03828
2175,DB03832
2176,DB03835
2177,DB03837
2178,DB03841
2179,DB03844
2180,DB03845
2181,DB03847
2182,DB03848
2183,DB03849
2184,DB03850
2185,DB03856
2186,DB03860
2187,DB03861
2188,DB03864
2189,DB03865
2190,DB03866
2191,DB03867
2192,DB03876
2193,DB03877
2194,DB03878
2195,DB03879
2196,DB03880
2197,DB03881
2198,DB03882
2199,DB03884
2200,DB03886
2201,DB03889
2202,DB03890
2203,DB03891
2204,DB03892
2205,DB03893
2206,DB03894
2207,DB03896
2208,DB03899
2209,DB03900
2210,DB03902
2211,DB03903
2212,DB03904
2213,DB03906
2214,DB03907
2215,DB03909
2216,DB03910
2217,DB03918
2218,DB03921
2219,DB03923
2220,DB03924
2221,DB03925
2222,DB03928
2223,DB03929
2224,DB03932
2225,DB03935
2226,DB03937
2227,DB03940
2228,DB03944
2229,DB03945
2230,DB03948
2231,DB03950
2232,DB03951
2233,DB03953
2234,DB03955
2235,DB03956
2236,DB03957
2237,DB03958
2238,DB03959
2239,DB03962
2240,DB03963
2241,DB03964
2242,DB03967
2243,DB03968
2244,DB03971
2245,DB03974
2246,DB03975
2247,DB03976
2248,DB03977
2249,DB03978
2250,DB03980
2251,DB03981
2252,DB03982
2253,DB03983
2254,DB03984
2255,DB03987
2256,DB03988
2257,DB03991
2258,DB03994
2259,DB03996
2260,DB04000
2261,DB04001
2262,DB04002
2263,DB04003
2264,DB04005
2265,DB04006
2266,DB04008
2267,DB04009
2268,DB04010
2269,DB04012
2270,DB04013
2271,DB04014
2272,DB04016
2273,DB04017
2274,DB04018
2275,DB04020
2276,DB04021
2277,DB04027
2278,DB04036
2279,DB04043
2280,DB04044
2281,DB04048
2282,DB04050
2283,DB04054
2284,DB04055
2285,DB04057
2286,DB04058
2287,DB04059
2288,DB04065
2289,DB04066
2290,DB04068
2291,DB04069
2292,DB04071
2293,DB04072
2294,DB04074
2295,DB04076
2296,DB04079
2297,DB04080
2298,DB04081
2299,DB04083
2300,DB04088
2301,DB04089
2302,DB04090
2303,DB04094
2304,DB04098
2305,DB04099
2306,DB04101
2307,DB04105
2308,DB04107
2309,DB04108
2310,DB04109
2311,DB04112
2312,DB04113
2313,DB04114
2314,DB04115
2315,DB04117
2316,DB04119
2317,DB04121
2318,DB04125
2319,DB04126
2320,DB04129
2321,DB04132
2322,DB04136
2323,DB04137
2324,DB04140
2325,DB04141
2326,DB04142
2327,DB04144
2328,DB04147
2329,DB04149
2330,DB04150
2331,DB04151
2332,DB04152
2333,DB04153
2334,DB04163
2335,DB04166
2336,DB04172
2337,DB04173
2338,DB04175
2339,DB04178
2340,DB04180
2341,DB04185
2342,DB04186
2343,DB04187
2344,DB04194
2345,DB04195
2346,DB04197
2347,DB04200
2348,DB04203
2349,DB04204
2350,DB04207
2351,DB04209
2352,DB04213
2353,DB04214
2354,DB04215
2355,DB04216
2356,DB04217
2357,DB04218
2358,DB04223
2359,DB04224
2360,DB04230
2361,DB04232
2362,DB04233
2363,DB04234
2364,DB04235
2365,DB04237
2366,DB04238
2367,DB04244
2368,DB04246
2369,DB04249
2370,DB04250
2371,DB04253
2372,DB04254
2373,DB04256
2374,DB04258
2375,DB04260
2376,DB04263
2377,DB04268
2378,DB04269
2379,DB04270
2380,DB04271
2381,DB04272
2382,DB04273
2383,DB04275
2384,DB04276
2385,DB04278
2386,DB04281
2387,DB04282
2388,DB04285
2389,DB04287
2390,DB04288
2391,DB04295
2392,DB04297
2393,DB04299
2394,DB04301
2395,DB04306
2396,DB04307
2397,DB04310
2398,DB04311
2399,DB04312
2400,DB04315
2401,DB04316
2402,DB04318
2403,DB04322
2404,DB04324
2405,DB04325
2406,DB04326
2407,DB04327
2408,DB04331
2409,DB04334
2410,DB04335
2411,DB04336
2412,DB04337
2413,DB04338
2414,DB04339
2415,DB04345
2416,DB04348
2417,DB04350
2418,DB04351
2419,DB04352
2420,DB04356
2421,DB04363
2422,DB04365
2423,DB04366
2424,DB04367
2425,DB04368
2426,DB04369
2427,DB04371
2428,DB04372
2429,DB04374
2430,DB04376
2431,DB04377
2432,DB04379
2433,DB04381
2434,DB04387
2435,DB04389
2436,DB04391
2437,DB04392
2438,DB04394
2439,DB04395
2440,DB04396
2441,DB04397
2442,DB04400
2443,DB04404
2444,DB04405
2445,DB04407
2446,DB04409
2447,DB04410
2448,DB04416
2449,DB04417
2450,DB04418
2451,DB04419
2452,DB04424
2453,DB04426
2454,DB04429
2455,DB04432
2456,DB04434
2457,DB04436
2458,DB04440
2459,DB04442
2460,DB04444
2461,DB04445
2462,DB04446
2463,DB04447
2464,DB04448
2465,DB04450
2466,DB04451
2467,DB04453
2468,DB04454
2469,DB04459
2470,DB04461
2471,DB04462
2472,DB04463
2473,DB04464
2474,DB04465
2475,DB04466
2476,DB04468
2477,DB04469
2478,DB04470
2479,DB04471
2480,DB04472
2481,DB04473
2482,DB04474
2483,DB04476
2484,DB04477
2485,DB04478
2486,DB04480
2487,DB04485
2488,DB04487
2489,DB04489
2490,DB04491
2491,DB04493
2492,DB04495
2493,DB04505
2494,DB04510
2495,DB04512
2496,DB04513
2497,DB04514
2498,DB04516
2499,DB04518
2500,DB04519
2501,DB04521
2502,DB04522
2503,DB04523
2504,DB04525
2505,DB04527
2506,DB04530
2507,DB04531
2508,DB04534
2509,DB04537
2510,DB04539
2511,DB04540
2512,DB04542
2513,DB04544
2514,DB04549
2515,DB04551
2516,DB04552
2517,DB04556
2518,DB04557
2519,DB04559
2520,DB04560
2521,DB04562
2522,DB04563
2523,DB04564
2524,DB04566
2525,DB04573
2526,DB04574
2527,DB04575
2528,DB04576
2529,DB04577
2530,DB04578
2531,DB04579
2532,DB04581
2533,DB04583
2534,DB04585
2535,DB04588
2536,DB04590
2537,DB04591
2538,DB04593
2539,DB04594
2540,DB04599
2541,DB04600
2542,DB04601
2543,DB04602
2544,DB04604
2545,DB04606
2546,DB04607
2547,DB04608
2548,DB04612
2549,DB04614
2550,DB04615
2551,DB04616
2552,DB04617
2553,DB04618
2554,DB04620
2555,DB04622
2556,DB04629
2557,DB04630
2558,DB04632
2559,DB04633
2560,DB04636
2561,DB04638
2562,DB04639
2563,DB04642
2564,DB04643
2565,DB04644
2566,DB04645
2567,DB04648
2568,DB04652
2569,DB04653
2570,DB04654
2571,DB04655
2572,DB04657
2573,DB04659
2574,DB04660
2575,DB04661
2576,DB04662
2577,DB04664
2578,DB04665
2579,DB04669
2580,DB04672
2581,DB04673
2582,DB04674
2583,DB04676
2584,DB04677
2585,DB04678
2586,DB04679
2587,DB04680
2588,DB04681
2589,DB04682
2590,DB04683
2591,DB04685
2592,DB04688
2593,DB04689
2594,DB04690
2595,DB04695
2596,DB04697
2597,DB04700
2598,DB04701
2599,DB04703
2600,DB04707
2601,DB04709
2602,DB04714
2603,DB04715
2604,DB04716
2605,DB04719
2606,DB04720
2607,DB04721
2608,DB04722
2609,DB04723
2610,DB04724
2611,DB04725
2612,DB04727
2613,DB04733
2614,DB04736
2615,DB04738
2616,DB04739
2617,DB04741
2618,DB04743
2619,DB04751
2620,DB04752
2621,DB04753
2622,DB04754
2623,DB04757
2624,DB04758
2625,DB04759
2626,DB04760
2627,DB04761
2628,DB04763
2629,DB04764
2630,DB04767
2631,DB04768
2632,DB04769
2633,DB04770
2634,DB04771
2635,DB04772
2636,DB04774
2637,DB04775
2638,DB04776
2639,DB04779
2640,DB04781
2641,DB04783
2642,DB04786
2643,DB04787
2644,DB04789
2645,DB04790
2646,DB04791
2647,DB04792
2648,DB04793
2649,DB04794
2650,DB04795
2651,DB04796
2652,DB04797
2653,DB04798
2654,DB04799
2655,DB04800
2656,DB04801
2657,DB04803
2658,DB04805
2659,DB04817
2660,DB04820
2661,DB04821
2662,DB04824
2663,DB04825
2664,DB04828
2665,DB04829
2666,DB04832
2667,DB04834
2668,DB04835
2669,DB04836
2670,DB04837
2671,DB04838
2672,DB04839
2673,DB04840
2674,DB04841
2675,DB04842
2676,DB04843
2677,DB04844
2678,DB04845
2679,DB04846
2680,DB04847
2681,DB04849
2682,DB04850
2683,DB04851
2684,DB04852
2685,DB04853
2686,DB04854
2687,DB04855
2688,DB04856
2689,DB04857
2690,DB04859
2691,DB04860
2692,DB04861
2693,DB04863
2694,DB04864
2695,DB04865
2696,DB04866
2697,DB04867
2698,DB04868
2699,DB04869
2700,DB04871
2701,DB04872
2702,DB04873
2703,DB04875
2704,DB04876
2705,DB04877
2706,DB04878
2707,DB04879
2708,DB04880
2709,DB04881
2710,DB04882
2711,DB04883
2712,DB04884
2713,DB04885
2714,DB04888
2715,DB04889
2716,DB04890
2717,DB04891
2718,DB04892
2719,DB04894
2720,DB04896
2721,DB04898
2722,DB04903
2723,DB04905
2724,DB04908
2725,DB04910
2726,DB04912
2727,DB04915
2728,DB04917
2729,DB04920
2730,DB04924
2731,DB04926
2732,DB04930
2733,DB04931
2734,DB04933
2735,DB04938
2736,DB04942
2737,DB04946
2738,DB04947
2739,DB04948
2740,DB04951
2741,DB04953
2742,DB04954
2743,DB04957
2744,DB04960
2745,DB04967
2746,DB04970
2747,DB04971
2748,DB04972
2749,DB04974
2750,DB04975
2751,DB04982
2752,DB04983
2753,DB04998
2754,DB05003
2755,DB05009
2756,DB05010
2757,DB05013
2758,DB05015
2759,DB05018
2760,DB05022
2761,DB05025
2762,DB05034
2763,DB05035
2764,DB05038
2765,DB05039
2766,DB05045
2767,DB05047
2768,DB05053
2769,DB05075
2770,DB05087
2771,DB05088
2772,DB05095
2773,DB05104
2774,DB05107
2775,DB05116
2776,DB05119
2777,DB05129
2778,DB05134
2779,DB05137
2780,DB05152
2781,DB05155
2782,DB05168
2783,DB05171
2784,DB05187
2785,DB05188
2786,DB05212
2787,DB05219
2788,DB05220
2789,DB05223
2790,DB05229
2791,DB05232
2792,DB05234
2793,DB05239
2794,DB05246
2795,DB05252
2796,DB05253
2797,DB05255
2798,DB05260
2799,DB05262
2800,DB05265
2801,DB05266
2802,DB05271
2803,DB05284
2804,DB05289
2805,DB05294
2806,DB05295
2807,DB05297
2808,DB05298
2809,DB05316
2810,DB05327
2811,DB05339
2812,DB05343
2813,DB05351
2814,DB05381
2815,DB05382
2816,DB05383
2817,DB05389
2818,DB05395
2819,DB05398
2820,DB05399
2821,DB05403
2822,DB05408
2823,DB05412
2824,DB05413
2825,DB05416
2826,DB05420
2827,DB05421
2828,DB05422
2829,DB05423
2830,DB05424
2831,DB05428
2832,DB05431
2833,DB05434
2834,DB05442
2835,DB05446
2836,DB05458
2837,DB05460
2838,DB05461
2839,DB05465
2840,DB05470
2841,DB05475
2842,DB05476
2843,DB05478
2844,DB05479
2845,DB05482
2846,DB05490
2847,DB05492
2848,DB05494
2849,DB05501
2850,DB05511
2851,DB05513
2852,DB05514
2853,DB05518
2854,DB05521
2855,DB05524
2856,DB05532
2857,DB05540
2858,DB05541
2859,DB05542
2860,DB05552
2861,DB05553
2862,DB05562
2863,DB05590
2864,DB05607
2865,DB05624
2866,DB05630
2867,DB05642
2868,DB05667
2869,DB05668
2870,DB05676
2871,DB05678
2872,DB05695
2873,DB05706
2874,DB05708
2875,DB05710
2876,DB05713
2877,DB05714
2878,DB05737
2879,DB05767
2880,DB05786
2881,DB05790
2882,DB05792
2883,DB05796
2884,DB05806
2885,DB05812
2886,DB05814
2887,DB05824
2888,DB05838
2889,DB05855
2890,DB05864
2891,DB05869
2892,DB05885
2893,DB05913
2894,DB05928
2895,DB05932
2896,DB05936
2897,DB05938
2898,DB05939
2899,DB05943
2900,DB05944
2901,DB05956
2902,DB05959
2903,DB05961
2904,DB05964
2905,DB05966
2906,DB05968
2907,DB05969
2908,DB05983
2909,DB05984
2910,DB05990
2911,DB05992
2912,DB05993
2913,DB06011
2914,DB06013
2915,DB06016
2916,DB06021
2917,DB06040
2918,DB06061
2919,DB06070
2920,DB06075
2921,DB06077
2922,DB06082
2923,DB06083
2924,DB06090
2925,DB06094
2926,DB06124
2927,DB06127
2928,DB06133
2929,DB06134
2930,DB06137
2931,DB06140
2932,DB06144
2933,DB06148
2934,DB06151
2935,DB06152
2936,DB06153
2937,DB06154
2938,DB06155
2939,DB06156
2940,DB06157
2941,DB06159
2942,DB06174
2943,DB06176
2944,DB06185
2945,DB06190
2946,DB06191
2947,DB06194
2948,DB06195
2949,DB06196
2950,DB06199
2951,DB06201
2952,DB06202
2953,DB06203
2954,DB06204
2955,DB06207
2956,DB06209
2957,DB06210
2958,DB06212
2959,DB06213
2960,DB06216
2961,DB06217
2962,DB06218
2963,DB06228
2964,DB06229
2965,DB06230
2966,DB06231
2967,DB06233
2968,DB06237
2969,DB06240
2970,DB06243
2971,DB06246
2972,DB06247
2973,DB06248
2974,DB06249
2975,DB06258
2976,DB06262
2977,DB06263
2978,DB06266
2979,DB06267
2980,DB06268
2981,DB06274
2982,DB06281
2983,DB06282
2984,DB06287
2985,DB06288
2986,DB06292
2987,DB06307
2988,DB06311
2989,DB06314
2990,DB06321
2991,DB06333
2992,DB06335
2993,DB06345
2994,DB06346
2995,DB06347
2996,DB06350
2997,DB06354
2998,DB06358
2999,DB06362
3000,DB06367
3001,DB06374
3002,DB06393
3003,DB06401
3004,DB06403
3005,DB06408
3006,DB06409
3007,DB06410
3008,DB06412
3009,DB06413
3010,DB06420
3011,DB06421
3012,DB06422
3013,DB06429
3014,DB06433
3015,DB06436
3016,DB06441
3017,DB06442
3018,DB06444
3019,DB06446
3020,DB06447
3021,DB06448
3022,DB06451
3023,DB06454
3024,DB06457
3025,DB06460
3026,DB06468
3027,DB06469
3028,DB06470
3029,DB06471
3030,DB06472
3031,DB06477
3032,DB06479
3033,DB06480
3034,DB06481
3035,DB06486
3036,DB06494
3037,DB06497
3038,DB06506
3039,DB06510
3040,DB06512
3041,DB06515
3042,DB06518
3043,DB06521
3044,DB06525
3045,DB06530
3046,DB06533
3047,DB06536
3048,DB06538
3049,DB06543
3050,DB06548
3051,DB06549
3052,DB06558
3053,DB06579
3054,DB06586
3055,DB06587
3056,DB06589
3057,DB06594
3058,DB06595
3059,DB06603
3060,DB06605
3061,DB06616
3062,DB06623
3063,DB06626
3064,DB06634
3065,DB06635
3066,DB06637
3067,DB06641
3068,DB06652
3069,DB06654
3070,DB06660
3071,DB06663
3072,DB06670
3073,DB06677
3074,DB06678
3075,DB06680
3076,DB06684
3077,DB06689
3078,DB06691
3079,DB06693
3080,DB06694
3081,DB06695
3082,DB06698
3083,DB06699
3084,DB06700
3085,DB06701
3086,DB06702
3087,DB06706
3088,DB06707
3089,DB06709
3090,DB06710
3091,DB06711
3092,DB06712
3093,DB06713
3094,DB06714
3095,DB06716
3096,DB06718
3097,DB06725
3098,DB06726
3099,DB06728
3100,DB06730
3101,DB06732
3102,DB06733
3103,DB06734
3104,DB06736
3105,DB06738
3106,DB06739
3107,DB06741
3108,DB06749
3109,DB06750
3110,DB06751
3111,DB06756
3112,DB06757
3113,DB06764
3114,DB06766
3115,DB06772
3116,DB06774
3117,DB06775
3118,DB06777
3119,DB06780
3120,DB06781
3121,DB06782
3122,DB06785
3123,DB06786
3124,DB06787
3125,DB06788
3126,DB06789
3127,DB06791
3128,DB06795
3129,DB06800
3130,DB06802
3131,DB06809
3132,DB06813
3133,DB06814
3134,DB06825
3135,DB06828
3136,DB06829
3137,DB06830
3138,DB06831
3139,DB06832
3140,DB06833
3141,DB06834
3142,DB06835
3143,DB06836
3144,DB06837
3145,DB06838
3146,DB06840
3147,DB06841
3148,DB06842
3149,DB06843
3150,DB06844
3151,DB06845
3152,DB06848
3153,DB06849
3154,DB06850
3155,DB06851
3156,DB06852
3157,DB06853
3158,DB06855
3159,DB06856
3160,DB06857
3161,DB06858
3162,DB06859
3163,DB06861
3164,DB06862
3165,DB06865
3166,DB06866
3167,DB06867
3168,DB06868
3169,DB06869
3170,DB06870
3171,DB06871
3172,DB06875
3173,DB06876
3174,DB06877
3175,DB06878
3176,DB06879
3177,DB06880
3178,DB06882
3179,DB06883
3180,DB06884
3181,DB06887
3182,DB06888
3183,DB06891
3184,DB06892
3185,DB06894
3186,DB06896
3187,DB06897
3188,DB06898
3189,DB06899
3190,DB06900
3191,DB06901
3192,DB06902
3193,DB06905
3194,DB06908
3195,DB06909
3196,DB06911
3197,DB06912
3198,DB06914
3199,DB06916
3200,DB06917
3201,DB06918
3202,DB06919
3203,DB06920
3204,DB06921
3205,DB06923
3206,DB06924
3207,DB06925
3208,DB06926
3209,DB06927
3210,DB06928
3211,DB06929
3212,DB06930
3213,DB06931
3214,DB06932
3215,DB06933
3216,DB06936
3217,DB06937
3218,DB06938
3219,DB06939
3220,DB06940
3221,DB06941
3222,DB06942
3223,DB06943
3224,DB06944
3225,DB06945
3226,DB06947
3227,DB06948
3228,DB06951
3229,DB06953
3230,DB06954
3231,DB06956
3232,DB06957
3233,DB06958
3234,DB06959
3235,DB06961
3236,DB06962
3237,DB06963
3238,DB06964
3239,DB06967
3240,DB06969
3241,DB06971
3242,DB06972
3243,DB06973
3244,DB06976
3245,DB06977
3246,DB06979
3247,DB06980
3248,DB06981
3249,DB06982
3250,DB06983
3251,DB06984
3252,DB06986
3253,DB06987
3254,DB06989
3255,DB06990
3256,DB06991
3257,DB06992
3258,DB06993
3259,DB06994
3260,DB06995
3261,DB06996
3262,DB06997
3263,DB06999
3264,DB07000
3265,DB07001
3266,DB07002
3267,DB07003
3268,DB07004
3269,DB07005
3270,DB07006
3271,DB07007
3272,DB07008
3273,DB07009
3274,DB07010
3275,DB07011
3276,DB07013
3277,DB07014
3278,DB07015
3279,DB07016
3280,DB07017
3281,DB07019
3282,DB07020
3283,DB07021
3284,DB07022
3285,DB07023
3286,DB07024
3287,DB07025
3288,DB07026
3289,DB07027
3290,DB07028
3291,DB07029
3292,DB07030
3293,DB07031
3294,DB07032
3295,DB07033
3296,DB07034
3297,DB07036
3298,DB07037
3299,DB07038
3300,DB07039
3301,DB07045
3302,DB07046
3303,DB07048
3304,DB07049
3305,DB07050
3306,DB07051
3307,DB07053
3308,DB07054
3309,DB07056
3310,DB07058
3311,DB07059
3312,DB07060
3313,DB07061
3314,DB07063
3315,DB07064
3316,DB07065
3317,DB07066
3318,DB07067
3319,DB07068
3320,DB07069
3321,DB07070
3322,DB07071
3323,DB07072
3324,DB07073
3325,DB07074
3326,DB07075
3327,DB07076
3328,DB07077
3329,DB07078
3330,DB07079
3331,DB07080
3332,DB07081
3333,DB07082
3334,DB07083
3335,DB07086
3336,DB07087
3337,DB07088
3338,DB07089
3339,DB07091
3340,DB07092
3341,DB07093
3342,DB07094
3343,DB07095
3344,DB07096
3345,DB07099
3346,DB07100
3347,DB07101
3348,DB07102
3349,DB07104
3350,DB07105
3351,DB07106
3352,DB07107
3353,DB07108
3354,DB07110
3355,DB07111
3356,DB07112
3357,DB07113
3358,DB07115
3359,DB07116
3360,DB07117
3361,DB07119
3362,DB07120
3363,DB07121
3364,DB07122
3365,DB07124
3366,DB07125
3367,DB07126
3368,DB07127
3369,DB07128
3370,DB07129
3371,DB07130
3372,DB07131
3373,DB07132
3374,DB07133
3375,DB07134
3376,DB07135
3377,DB07136
3378,DB07137
3379,DB07138
3380,DB07139
3381,DB07140
3382,DB07141
3383,DB07142
3384,DB07143
3385,DB07144
3386,DB07145
3387,DB07146
3388,DB07147
3389,DB07148
3390,DB07149
3391,DB07150
3392,DB07151
3393,DB07152
3394,DB07154
3395,DB07156
3396,DB07157
3397,DB07158
3398,DB07159
3399,DB07160
3400,DB07161
3401,DB07162
3402,DB07163
3403,DB07164
3404,DB07165
3405,DB07167
3406,DB07168
3407,DB07171
3408,DB07172
3409,DB07173
3410,DB07174
3411,DB07175
3412,DB07177
3413,DB07179
3414,DB07180
3415,DB07181
3416,DB07182
3417,DB07183
3418,DB07186
3419,DB07187
3420,DB07189
3421,DB07190
3422,DB07193
3423,DB07194
3424,DB07195
3425,DB07196
3426,DB07197
3427,DB07198
3428,DB07202
3429,DB07203
3430,DB07204
3431,DB07205
3432,DB07206
3433,DB07207
3434,DB07208
3435,DB07209
3436,DB07210
3437,DB07211
3438,DB07212
3439,DB07213
3440,DB07215
3441,DB07216
3442,DB07217
3443,DB07218
3444,DB07219
3445,DB07220
3446,DB07221
3447,DB07223
3448,DB07224
3449,DB07225
3450,DB07226
3451,DB07227
3452,DB07228
3453,DB07229
3454,DB07230
3455,DB07231
3456,DB07232
3457,DB07233
3458,DB07234
3459,DB07235
3460,DB07236
3461,DB07237
3462,DB07239
3463,DB07242
3464,DB07243
3465,DB07244
3466,DB07245
3467,DB07246
3468,DB07247
3469,DB07248
3470,DB07249
3471,DB07250
3472,DB07251
3473,DB07252
3474,DB07253
3475,DB07254
3476,DB07255
3477,DB07256
3478,DB07257
3479,DB07258
3480,DB07259
3481,DB07260
3482,DB07261
3483,DB07263
3484,DB07264
3485,DB07265
3486,DB07266
3487,DB07267
3488,DB07268
3489,DB07269
3490,DB07270
3491,DB07271
3492,DB07272
3493,DB07274
3494,DB07276
3495,DB07277
3496,DB07278
3497,DB07279
3498,DB07280
3499,DB07281
3500,DB07284
3501,DB07285
3502,DB07286
3503,DB07288
3504,DB07289
3505,DB07292
3506,DB07294
3507,DB07295
3508,DB07297
3509,DB07298
3510,DB07299
3511,DB07300
3512,DB07302
3513,DB07303
3514,DB07306
3515,DB07307
3516,DB07309
3517,DB07310
3518,DB07311
3519,DB07312
3520,DB07313
3521,DB07314
3522,DB07315
3523,DB07316
3524,DB07317
3525,DB07318
3526,DB07319
3527,DB07320
3528,DB07321
3529,DB07322
3530,DB07323
3531,DB07324
3532,DB07325
3533,DB07326
3534,DB07328
3535,DB07329
3536,DB07330
3537,DB07333
3538,DB07334
3539,DB07335
3540,DB07336
3541,DB07339
3542,DB07340
3543,DB07341
3544,DB07342
3545,DB07344
3546,DB07345
3547,DB07346
3548,DB07347
3549,DB07348
3550,DB07350
3551,DB07351
3552,DB07353
3553,DB07354
3554,DB07356
3555,DB07357
3556,DB07358
3557,DB07359
3558,DB07360
3559,DB07362
3560,DB07363
3561,DB07364
3562,DB07366
3563,DB07368
3564,DB07369
3565,DB07371
3566,DB07374
3567,DB07375
3568,DB07376
3569,DB07377
3570,DB07378
3571,DB07379
3572,DB07380
3573,DB07382
3574,DB07383
3575,DB07384
3576,DB07385
3577,DB07387
3578,DB07388
3579,DB07389
3580,DB07390
3581,DB07393
3582,DB07394
3583,DB07395
3584,DB07396
3585,DB07397
3586,DB07400
3587,DB07401
3588,DB07403
3589,DB07405
3590,DB07406
3591,DB07410
3592,DB07412
3593,DB07415
3594,DB07416
3595,DB07419
3596,DB07421
3597,DB07422
3598,DB07423
3599,DB07425
3600,DB07427
3601,DB07428
3602,DB07430
3603,DB07431
3604,DB07433
3605,DB07435
3606,DB07437
3607,DB07440
3608,DB07441
3609,DB07443
3610,DB07444
3611,DB07446
3612,DB07447
3613,DB07448
3614,DB07449
3615,DB07450
3616,DB07453
3617,DB07454
3618,DB07455
3619,DB07456
3620,DB07457
3621,DB07458
3622,DB07459
3623,DB07460
3624,DB07461
3625,DB07462
3626,DB07465
3627,DB07467
3628,DB07468
3629,DB07469
3630,DB07470
3631,DB07471
3632,DB07474
3633,DB07476
3634,DB07477
3635,DB07479
3636,DB07480
3637,DB07482
3638,DB07484
3639,DB07485
3640,DB07486
3641,DB07488
3642,DB07489
3643,DB07491
3644,DB07493
3645,DB07494
3646,DB07495
3647,DB07497
3648,DB07498
3649,DB07500
3650,DB07501
3651,DB07502
3652,DB07503
3653,DB07504
3654,DB07506
3655,DB07508
3656,DB07509
3657,DB07512
3658,DB07513
3659,DB07514
3660,DB07515
3661,DB07519
3662,DB07520
3663,DB07521
3664,DB07522
3665,DB07524
3666,DB07525
3667,DB07527
3668,DB07528
3669,DB07529
3670,DB07530
3671,DB07531
3672,DB07533
3673,DB07534
3674,DB07535
3675,DB07537
3676,DB07538
3677,DB07539
3678,DB07540
3679,DB07542
3680,DB07543
3681,DB07544
3682,DB07545
3683,DB07546
3684,DB07548
3685,DB07549
3686,DB07550
3687,DB07555
3688,DB07556
3689,DB07557
3690,DB07558
3691,DB07559
3692,DB07561
3693,DB07562
3694,DB07563
3695,DB07567
3696,DB07573
3697,DB07574
3698,DB07577
3699,DB07579
3700,DB07580
3701,DB07583
3702,DB07584
3703,DB07585
3704,DB07586
3705,DB07587
3706,DB07589
3707,DB07592
3708,DB07593
3709,DB07594
3710,DB07595
3711,DB07596
3712,DB07597
3713,DB07598
3714,DB07601
3715,DB07602
3716,DB07604
3717,DB07605
3718,DB07606
3719,DB07607
3720,DB07608
3721,DB07609
3722,DB07612
3723,DB07613
3724,DB07614
3725,DB07615
3726,DB07616
3727,DB07617
3728,DB07618
3729,DB07619
3730,DB07621
3731,DB07622
3732,DB07623
3733,DB07624
3734,DB07625
3735,DB07626
3736,DB07627
3737,DB07628
3738,DB07629
3739,DB07630
3740,DB07632
3741,DB07633
3742,DB07636
3743,DB07637
3744,DB07638
3745,DB07639
3746,DB07641
3747,DB07642
3748,DB07643
3749,DB07644
3750,DB07645
3751,DB07646
3752,DB07647
3753,DB07648
3754,DB07651
3755,DB07652
3756,DB07653
3757,DB07654
3758,DB07655
3759,DB07657
3760,DB07658
3761,DB07659
3762,DB07660
3763,DB07662
3764,DB07664
3765,DB07665
3766,DB07666
3767,DB07668
3768,DB07670
3769,DB07672
3770,DB07675
3771,DB07676
3772,DB07677
3773,DB07678
3774,DB07680
3775,DB07681
3776,DB07683
3777,DB07684
3778,DB07685
3779,DB07686
3780,DB07687
3781,DB07688
3782,DB07689
3783,DB07691
3784,DB07692
3785,DB07696
3786,DB07697
3787,DB07698
3788,DB07700
3789,DB07701
3790,DB07702
3791,DB07705
3792,DB07707
3793,DB07708
3794,DB07710
3795,DB07711
3796,DB07712
3797,DB07713
3798,DB07714
3799,DB07715
3800,DB07716
3801,DB07717
3802,DB07718
3803,DB07719
3804,DB07720
3805,DB07723
3806,DB07724
3807,DB07728
3808,DB07730
3809,DB07731
3810,DB07733
3811,DB07734
3812,DB07735
3813,DB07736
3814,DB07737
3815,DB07738
3816,DB07739
3817,DB07740
3818,DB07741
3819,DB07742
3820,DB07744
3821,DB07746
3822,DB07747
3823,DB07749
3824,DB07750
3825,DB07751
3826,DB07754
3827,DB07755
3828,DB07756
3829,DB07757
3830,DB07760
3831,DB07761
3832,DB07763
3833,DB07764
3834,DB07765
3835,DB07766
3836,DB07768
3837,DB07769
3838,DB07771
3839,DB07772
3840,DB07776
3841,DB07778
3842,DB07779
3843,DB07780
3844,DB07783
3845,DB07784
3846,DB07785
3847,DB07786
3848,DB07787
3849,DB07788
3850,DB07789
3851,DB07790
3852,DB07791
3853,DB07792
3854,DB07793
3855,DB07794
3856,DB07795
3857,DB07796
3858,DB07798
3859,DB07800
3860,DB07801
3861,DB07802
3862,DB07804
3863,DB07807
3864,DB07809
3865,DB07811
3866,DB07812
3867,DB07814
3868,DB07815
3869,DB07816
3870,DB07821
3871,DB07827
3872,DB07829
3873,DB07830
3874,DB07831
3875,DB07832
3876,DB07833
3877,DB07834
3878,DB07835
3879,DB07836
3880,DB07837
3881,DB07838
3882,DB07839
3883,DB07840
3884,DB07841
3885,DB07842
3886,DB07843
3887,DB07844
3888,DB07845
3889,DB07846
3890,DB07847
3891,DB07848
3892,DB07849
3893,DB07851
3894,DB07852
3895,DB07853
3896,DB07854
3897,DB07855
3898,DB07856
3899,DB07857
3900,DB07858
3901,DB07859
3902,DB07860
3903,DB07862
3904,DB07863
3905,DB07866
3906,DB07870
3907,DB07872
3908,DB07873
3909,DB07874
3910,DB07875
3911,DB07876
3912,DB07877
3913,DB07878
3914,DB07879
3915,DB07881
3916,DB07882
3917,DB07883
3918,DB07887
3919,DB07888
3920,DB07889
3921,DB07893
3922,DB07895
3923,DB07897
3924,DB07899
3925,DB07900
3926,DB07901
3927,DB07902
3928,DB07903
3929,DB07905
3930,DB07906
3931,DB07907
3932,DB07908
3933,DB07909
3934,DB07912
3935,DB07913
3936,DB07916
3937,DB07917
3938,DB07919
3939,DB07920
3940,DB07921
3941,DB07922
3942,DB07926
3943,DB07929
3944,DB07930
3945,DB07931
3946,DB07932
3947,DB07933
3948,DB07934
3949,DB07936
3950,DB07940
3951,DB07941
3952,DB07942
3953,DB07943
3954,DB07944
3955,DB07946
3956,DB07947
3957,DB07949
3958,DB07950
3959,DB07954
3960,DB07955
3961,DB07956
3962,DB07957
3963,DB07958
3964,DB07959
3965,DB07960
3966,DB07964
3967,DB07965
3968,DB07966
3969,DB07967
3970,DB07968
3971,DB07969
3972,DB07970
3973,DB07973
3974,DB07974
3975,DB07975
3976,DB07976
3977,DB07977
3978,DB07978
3979,DB07979
3980,DB07981
3981,DB07982
3982,DB07983
3983,DB07984
3984,DB07985
3985,DB07986
3986,DB07987
3987,DB07988
3988,DB07991
3989,DB07993
3990,DB07994
3991,DB07995
3992,DB07996
3993,DB07997
3994,DB07999
3995,DB08000
3996,DB08001
3997,DB08003
3998,DB08004
3999,DB08005
4000,DB08006
4001,DB08007
4002,DB08008
4003,DB08009
4004,DB08010
4005,DB08011
4006,DB08015
4007,DB08018
4008,DB08019
4009,DB08020
4010,DB08021
4011,DB08022
4012,DB08023
4013,DB08024
4014,DB08025
4015,DB08026
4016,DB08028
4017,DB08029
4018,DB08030
4019,DB08032
4020,DB08033
4021,DB08035
4022,DB08037
4023,DB08038
4024,DB08039
4025,DB08040
4026,DB08042
4027,DB08043
4028,DB08044
4029,DB08045
4030,DB08046
4031,DB08047
4032,DB08048
4033,DB08049
4034,DB08051
4035,DB08052
4036,DB08053
4037,DB08054
4038,DB08055
4039,DB08056
4040,DB08057
4041,DB08058
4042,DB08059
4043,DB08060
4044,DB08061
4045,DB08062
4046,DB08063
4047,DB08064
4048,DB08065
4049,DB08066
4050,DB08067
4051,DB08068
4052,DB08070
4053,DB08072
4054,DB08073
4055,DB08077
4056,DB08078
4057,DB08079
4058,DB08080
4059,DB08082
4060,DB08083
4061,DB08084
4062,DB08085
4063,DB08087
4064,DB08088
4065,DB08089
4066,DB08091
4067,DB08092
4068,DB08093
4069,DB08094
4070,DB08095
4071,DB08096
4072,DB08097
4073,DB08098
4074,DB08099
4075,DB08111
4076,DB08113
4077,DB08114
4078,DB08118
4079,DB08119
4080,DB08121
4081,DB08122
4082,DB08123
4083,DB08124
4084,DB08125
4085,DB08126
4086,DB08128
4087,DB08129
4088,DB08130
4089,DB08132
4090,DB08133
4091,DB08134
4092,DB08135
4093,DB08136
4094,DB08137
4095,DB08138
4096,DB08139
4097,DB08140
4098,DB08141
4099,DB08142
4100,DB08143
4101,DB08147
4102,DB08148
4103,DB08149
4104,DB08150
4105,DB08151
4106,DB08152
4107,DB08153
4108,DB08155
4109,DB08156
4110,DB08157
4111,DB08159
4112,DB08162
4113,DB08163
4114,DB08164
4115,DB08165
4116,DB08166
4117,DB08167
4118,DB08168
4119,DB08169
4120,DB08170
4121,DB08172
4122,DB08173
4123,DB08174
4124,DB08175
4125,DB08176
4126,DB08178
4127,DB08179
4128,DB08180
4129,DB08182
4130,DB08184
4131,DB08186
4132,DB08187
4133,DB08190
4134,DB08191
4135,DB08192
4136,DB08194
4137,DB08195
4138,DB08197
4139,DB08198
4140,DB08200
4141,DB08201
4142,DB08202
4143,DB08203
4144,DB08208
4145,DB08210
4146,DB08213
4147,DB08214
4148,DB08217
4149,DB08218
4150,DB08219
4151,DB08220
4152,DB08221
4153,DB08222
4154,DB08224
4155,DB08228
4156,DB08229
4157,DB08230
4158,DB08231
4159,DB08232
4160,DB08233
4161,DB08234
4162,DB08235
4163,DB08236
4164,DB08237
4165,DB08238
4166,DB08239
4167,DB08240
4168,DB08241
4169,DB08242
4170,DB08244
4171,DB08246
4172,DB08247
4173,DB08248
4174,DB08249
4175,DB08250
4176,DB08251
4177,DB08254
4178,DB08256
4179,DB08257
4180,DB08258
4181,DB08259
4182,DB08262
4183,DB08263
4184,DB08270
4185,DB08271
4186,DB08273
4187,DB08277
4188,DB08280
4189,DB08283
4190,DB08285
4191,DB08287
4192,DB08289
4193,DB08291
4194,DB08292
4195,DB08293
4196,DB08294
4197,DB08295
4198,DB08296
4199,DB08299
4200,DB08300
4201,DB08301
4202,DB08302
4203,DB08303
4204,DB08304
4205,DB08305
4206,DB08309
4207,DB08312
4208,DB08313
4209,DB08320
4210,DB08321
4211,DB08322
4212,DB08323
4213,DB08325
4214,DB08326
4215,DB08329
4216,DB08330
4217,DB08332
4218,DB08333
4219,DB08334
4220,DB08335
4221,DB08338
4222,DB08339
4223,DB08340
4224,DB08341
4225,DB08342
4226,DB08345
4227,DB08346
4228,DB08347
4229,DB08348
4230,DB08349
4231,DB08350
4232,DB08351
4233,DB08352
4234,DB08353
4235,DB08354
4236,DB08355
4237,DB08356
4238,DB08357
4239,DB08358
4240,DB08360
4241,DB08361
4242,DB08362
4243,DB08363
4244,DB08365
4245,DB08368
4246,DB08369
4247,DB08370
4248,DB08371
4249,DB08373
4250,DB08374
4251,DB08377
4252,DB08378
4253,DB08382
4254,DB08383
4255,DB08384
4256,DB08385
4257,DB08386
4258,DB08387
4259,DB08388
4260,DB08389
4261,DB08391
4262,DB08392
4263,DB08393
4264,DB08394
4265,DB08395
4266,DB08396
4267,DB08397
4268,DB08398
4269,DB08399
4270,DB08400
4271,DB08402
4272,DB08403
4273,DB08406
4274,DB08409
4275,DB08410
4276,DB08411
4277,DB08412
4278,DB08413
4279,DB08416
4280,DB08418
4281,DB08420
4282,DB08422
4283,DB08423
4284,DB08424
4285,DB08426
4286,DB08429
4287,DB08430
4288,DB08435
4289,DB08436
4290,DB08437
4291,DB08439
4292,DB08441
4293,DB08442
4294,DB08443
4295,DB08445
4296,DB08447
4297,DB08448
4298,DB08449
4299,DB08450
4300,DB08453
4301,DB08454
4302,DB08461
4303,DB08462
4304,DB08463
4305,DB08464
4306,DB08465
4307,DB08466
4308,DB08473
4309,DB08476
4310,DB08478
4311,DB08479
4312,DB08480
4313,DB08482
4314,DB08484
4315,DB08486
4316,DB08487
4317,DB08488
4318,DB08489
4319,DB08490
4320,DB08491
4321,DB08492
4322,DB08493
4323,DB08495
4324,DB08497
4325,DB08498
4326,DB08499
4327,DB08500
4328,DB08503
4329,DB08504
4330,DB08507
4331,DB08510
4332,DB08513
4333,DB08515
4334,DB08516
4335,DB08519
4336,DB08520
4337,DB08521
4338,DB08522
4339,DB08526
4340,DB08527
4341,DB08529
4342,DB08530
4343,DB08531
4344,DB08532
4345,DB08533
4346,DB08534
4347,DB08535
4348,DB08536
4349,DB08537
4350,DB08538
4351,DB08539
4352,DB08545
4353,DB08546
4354,DB08547
4355,DB08549
4356,DB08550
4357,DB08553
4358,DB08555
4359,DB08557
4360,DB08558
4361,DB08560
4362,DB08561
4363,DB08562
4364,DB08564
4365,DB08565
4366,DB08566
4367,DB08568
4368,DB08569
4369,DB08572
4370,DB08574
4371,DB08575
4372,DB08577
4373,DB08583
4374,DB08584
4375,DB08588
4376,DB08590
4377,DB08591
4378,DB08593
4379,DB08594
4380,DB08595
4381,DB08596
4382,DB08597
4383,DB08599
4384,DB08601
4385,DB08602
4386,DB08604
4387,DB08605
4388,DB08607
4389,DB08608
4390,DB08609
4391,DB08610
4392,DB08611
4393,DB08612
4394,DB08613
4395,DB08614
4396,DB08615
4397,DB08617
4398,DB08618
4399,DB08620
4400,DB08624
4401,DB08626
4402,DB08629
4403,DB08631
4404,DB08632
4405,DB08633
4406,DB08635
4407,DB08640
4408,DB08641
4409,DB08642
4410,DB08643
4411,DB08645
4412,DB08647
4413,DB08651
4414,DB08654
4415,DB08655
4416,DB08658
4417,DB08659
4418,DB08660
4419,DB08661
4420,DB08672
4421,DB08673
4422,DB08674
4423,DB08675
4424,DB08676
4425,DB08677
4426,DB08678
4427,DB08683
4428,DB08687
4429,DB08688
4430,DB08689
4431,DB08690
4432,DB08691
4433,DB08692
4434,DB08693
4435,DB08694
4436,DB08695
4437,DB08697
4438,DB08699
4439,DB08703
4440,DB08705
4441,DB08707
4442,DB08708
4443,DB08709
4444,DB08729
4445,DB08730
4446,DB08733
4447,DB08734
4448,DB08737
4449,DB08738
4450,DB08739
4451,DB08740
4452,DB08742
4453,DB08743
4454,DB08744
4455,DB08745
4456,DB08746
4457,DB08749
4458,DB08750
4459,DB08751
4460,DB08752
4461,DB08755
4462,DB08756
4463,DB08760
4464,DB08762
4465,DB08763
4466,DB08765
4467,DB08766
4468,DB08768
4469,DB08770
4470,DB08771
4471,DB08772
4472,DB08773
4473,DB08774
4474,DB08775
4475,DB08776
4476,DB08777
4477,DB08778
4478,DB08779
4479,DB08780
4480,DB08781
4481,DB08782
4482,DB08783
4483,DB08784
4484,DB08786
4485,DB08787
4486,DB08788
4487,DB08789
4488,DB08790
4489,DB08791
4490,DB08799
4491,DB08800
4492,DB08801
4493,DB08802
4494,DB08804
4495,DB08805
4496,DB08806
4497,DB08807
4498,DB08808
4499,DB08809
4500,DB08810
4501,DB08811
4502,DB08814
4503,DB08815
4504,DB08816
4505,DB08818
4506,DB08819
4507,DB08820
4508,DB08822
4509,DB08827
4510,DB08828
4511,DB08835
4512,DB08836
4513,DB08837
4514,DB08838
4515,DB08839
4516,DB08844
4517,DB08846
4518,DB08848
4519,DB08855
4520,DB08860
4521,DB08864
4522,DB08865
4523,DB08867
4524,DB08868
4525,DB08869
4526,DB08871
4527,DB08872
4528,DB08875
4529,DB08877
4530,DB08880
4531,DB08881
4532,DB08882
4533,DB08883
4534,DB08889
4535,DB08890
4536,DB08891
4537,DB08892
4538,DB08893
4539,DB08895
4540,DB08896
4541,DB08897
4542,DB08899
4543,DB08901
4544,DB08906
4545,DB08907
4546,DB08908
4547,DB08910
4548,DB08911
4549,DB08912
4550,DB08915
4551,DB08916
4552,DB08918
4553,DB08922
4554,DB08927
4555,DB08931
4556,DB08932
4557,DB08936
4558,DB08949
4559,DB08950
4560,DB08954
4561,DB08960
4562,DB08964
4563,DB08995
4564,DB08996
4565,DB09006
4566,DB09013
4567,DB09014
4568,DB09016
4569,DB09018
4570,DB09026
4571,DB09028
4572,DB09030
4573,DB09031
4574,DB09034
4575,DB09038
4576,DB09039
4577,DB09047
4578,DB09048
4579,DB09049
4580,DB09053
4581,DB09054
4582,DB09059
4583,DB09061
4584,DB09063
4585,DB09064
4586,DB09068
4587,DB09069
4588,DB09070
4589,DB09071
4590,DB09073
4591,DB09074
4592,DB09075
4593,DB09076
4594,DB09078
4595,DB09079
4596,DB09080
4597,DB09082
4598,DB09083
4599,DB09085
4600,DB09086
4601,DB09088
4602,DB09089
4603,DB09090
4604,DB09091
4605,DB09092
4606,DB09095
4607,DB09097
4608,DB09099
4609,DB09112
4610,DB09116
4611,DB09118
4612,DB09119
4613,DB09120
4614,DB09121
4615,DB09123
4616,DB09124
4617,DB09128
4618,DB09129
4619,DB09130
4620,DB09131
4621,DB09140
4622,DB09143
4623,DB09146
4624,DB09147
4625,DB09148
4626,DB09149
4627,DB09151
4628,DB09166
4629,DB09167
4630,DB09173
4631,DB09185
4632,DB09186
4633,DB09194
4634,DB09195
4635,DB09198
4636,DB09201
4637,DB09202
4638,DB09203
4639,DB09204
4640,DB09205
4641,DB09207
4642,DB09209
4643,DB09211
4644,DB09212
4645,DB09213
4646,DB09214
4647,DB09215
4648,DB09216
4649,DB09217
4650,DB09220
4651,DB09221
4652,DB09223
4653,DB09224
4654,DB09225
4655,DB09227
4656,DB09229
4657,DB09230
4658,DB09231
4659,DB09232
4660,DB09235
4661,DB09236
4662,DB09237
4663,DB09238
4664,DB09239
4665,DB09241
4666,DB09242
4667,DB09244
4668,DB09245
4669,DB09256
4670,DB09257
4671,DB09262
4672,DB09265
4673,DB09270
4674,DB09272
4675,DB09273
4676,DB09279
4677,DB09280
4678,DB09282
4679,DB09283
4680,DB09285
4681,DB09286
4682,DB09288
4683,DB09289
4684,DB09290
4685,DB09291
4686,DB09292
4687,DB09295
4688,DB09300
4689,DB09304
4690,DB09327
4691,DB09330
4692,DB09332
4693,DB09338
4694,DB09342
4695,DB09343
4696,DB09345
4697,DB09351
4698,DB09371
4699,DB09389
4700,DB09401
4701,DB09409
4702,DB09418
4703,DB09421
4704,DB09460
4705,DB09462
4706,DB09472
4707,DB09477
4708,DB09481
4709,DB09488
4710,DB09517
4711,DB09526
4712,DB09536
4713,DB09552
4714,DB09555
4715,DB11071
4716,DB11079
4717,DB11081
4718,DB11085
4719,DB11090
4720,DB11093
4721,DB11132
4722,DB11136
4723,DB11148
4724,DB11156
4725,DB11157
4726,DB11181
4727,DB11186
4728,DB11201
4729,DB11217
4730,DB11219
4731,DB11221
4732,DB11235
4733,DB11254
4734,DB11273
4735,DB11274
4736,DB11275
4737,DB11278
4738,DB11323
4739,DB11324
4740,DB11327
4741,DB11328
4742,DB11345
4743,DB11348
4744,DB11359
4745,DB11362
4746,DB11363
4747,DB11386
4748,DB11397
4749,DB11421
4750,DB11429
4751,DB11447
4752,DB11477
4753,DB11478
4754,DB11496
4755,DB11541
4756,DB11560
4757,DB11577
4758,DB11581
4759,DB11582
4760,DB11584
4761,DB11587
4762,DB11588
4763,DB11590
4764,DB11591
4765,DB11611
4766,DB11614
4767,DB11619
4768,DB11623
4769,DB11632
4770,DB11633
4771,DB11638
4772,DB11640
4773,DB11641
4774,DB11642
4775,DB11644
4776,DB11652
4777,DB11653
4778,DB11660
4779,DB11672
4780,DB11674
4781,DB11691
4782,DB11692
4783,DB11693
4784,DB11699
4785,DB11703
4786,DB11712
4787,DB11718
4788,DB11723
4789,DB11726
4790,DB11730
4791,DB11732
4792,DB11737
4793,DB11738
4794,DB11740
4795,DB11755
4796,DB11757
4797,DB11760
4798,DB11761
4799,DB11772
4800,DB11781
4801,DB11793
4802,DB11811
4803,DB11817
4804,DB11823
4805,DB11827
4806,DB11828
4807,DB11830
4808,DB11831
4809,DB11842
4810,DB11855
4811,DB11858
4812,DB11859
4813,DB11901
4814,DB11915
4815,DB11921
4816,DB11937
4817,DB11942
4818,DB11948
4819,DB11949
4820,DB11951
4821,DB11952
4822,DB11963
4823,DB11967
4824,DB11973
4825,DB11978
4826,DB11979
4827,DB11986
4828,DB11994
4829,DB11995
4830,DB12001
4831,DB12007
4832,DB12010
4833,DB12015
4834,DB12061
4835,DB12093
4836,DB12095
4837,DB12110
4838,DB12116
4839,DB12128
4840,DB12129
4841,DB12130
4842,DB12140
4843,DB12141
4844,DB12147
4845,DB12161
4846,DB12163
4847,DB12177
4848,DB12191
4849,DB12200
4850,DB12228
4851,DB12248
4852,DB12267
4853,DB12271
4854,DB12278
4855,DB12285
4856,DB12305
4857,DB12307
4858,DB12319
4859,DB12323
4860,DB12328
4861,DB12332
4862,DB12334
4863,DB12339
4864,DB12340
4865,DB12364
4866,DB12371
4867,DB12379
4868,DB12418
4869,DB12436
4870,DB12442
4871,DB12445
4872,DB12450
4873,DB12458
4874,DB12465
4875,DB12478
4876,DB12483
4877,DB12500
4878,DB12518
4879,DB12532
4880,DB12548
4881,DB12555
4882,DB12565
4883,DB12569
4884,DB12579
4885,DB12582
4886,DB12598
4887,DB12610
4888,DB12637
4889,DB12651
4890,DB12662
4891,DB12670
4892,DB12693
4893,DB12695
4894,DB12702
4895,DB12731
4896,DB12733
4897,DB12742
4898,DB12783
4899,DB12789
4900,DB12808
4901,DB12831
4902,DB12836
4903,DB12865
4904,DB12874
4905,DB12887
4906,DB12890
4907,DB12941
4908,DB12960
4909,DB12961
4910,DB12965
4911,DB12978
4912,DB13003
4913,DB13014
4914,DB13025
4915,DB13036
4916,DB13044
4917,DB13061
4918,DB13074
4919,DB13083
4920,DB13125
4921,DB13139
4922,DB13146
4923,DB13154
4924,DB13155
4925,DB13158
4926,DB13164
4927,DB13165
4928,DB13166
4929,DB13167
4930,DB13170
4931,DB13174
4932,DB13179
4933,DB13191
4934,DB13269
4935,DB13345
4936,DB13346
4937,DB13501
4938,DB13520
4939,DB13581
4940,DB13615
4941,DB13720
4942,DB13751
4943,DB13781
4944,DB13783
4945,DB13800
4946,DB13857
4947,DB13867
4948,DB13869
4949,DB13872
4950,DB13873
4951,DB13874
4952,DB13875
4953,DB13876
4954,DB13877
4955,DB13908
4956,DB13914
4957,DB13919
4958,DB13925
4959,DB13928
4960,DB13929
4961,DB13930
4962,DB13931
4963,DB13934
4964,DB13940
4965,DB13943
4966,DB13944
4967,DB13946
4968,DB13948
4969,DB13949
4970,DB13951
4971,DB13952
4972,DB13953
4973,DB13954
4974,DB13955
4975,DB13956
4976,DB13967
4977,DB13978
4978,DB13983
4979,DB13985
4980,DB13988
4981,DB13994
4982,DB13995
4983,DB13996
4984,DB14001
4985,DB14002
4986,DB14006
4987,DB14010
4988,DB14011
4989,DB14013
4990,DB14014
4991,DB14017
4992,DB14019
4993,DB14034
4994,DB14050
4995,DB14059
4996,DB14061
4997,DB14062
4998,DB14063
4999,DB14064
5000,DB14065
5001,DB14066
5002,DB14067
5003,DB14068
5004,DB14069
5005,DB14070
5006,DB14071
5007,DB14072
5008,DB14132
5009,DB14146
5010,DB14185
5011,DB14481
5012,DB14487
5013,DB14488
5014,DB14489
5015,DB14490
5016,DB14491
5017,DB14498
5018,DB14499
5019,DB14500
5020,DB14501
5021,DB14507
5022,DB14508
5023,DB14509
5024,DB14512
5025,DB14514
5026,DB14517
5027,DB14518
5028,DB14520
5029,DB14526
5030,DB14527
5031,DB14528
5032,DB14529
5033,DB14530
5034,DB14533
5035,DB14538
5036,DB14539
5037,DB14540
5038,DB14541
5039,DB14542
5040,DB14543
5041,DB14544
5042,DB14568
5043,DB14575
5044,DB14581
5045,DB14583
5046,DB14596
5047,DB14635
5048,DB14639
5049,DB14641
5050,DB14642
5051,DB14723
5052,DB14754
5053,DB14783
5054,DB14975
5055,DB15035
5056,DB15091
5057,DB15250
5058,DB15328
5059,DB15444
5060,DB15488
5061,DB15489
5062,DB15493
5063,DB15494
5064,DB15495
5065,DB15496
5066,DB15498
5067,DB15565
5068,DB15566
5069,DB15569
